n_ids;cases;cyk_min;cyk_med;ll1_min;ll1_med
5;40;0.002255;0.002386;0.000079;0.000080
10;40;0.011179;0.011236;0.000152;0.000159
20;40;0.069512;0.070870;0.000288;0.000296
40;40;0.479992;0.484146;0.000513;0.000514
80;40;4.189541;4.273013;0.001182;0.001198
